"test","estimate","ci","p","n","thesis","p_BH_correlations"
"H1A",-0.01,"[-0.121, 0.100]",0.855,315,"r = -.008, p = .885",0.932
"H1B",0.044,"[-0.067, 0.154]",0.436,315,"r = .043, p = .443",0.932
"H1E",-0.032,"[-0.142, 0.079]",0.575,315,"r = -.032, p = .566",0.932
"H2A",0.02,"[-0.093, 0.132]",0.732,305,"r = .020, p = .730",0.932
"H2B",-0.174,"[-0.281, -0.063]",0.00227,305,"r = -.173, p = .002",0.0136
"H2C",-0.005,"[-0.117, 0.107]",0.932,305,"r = -.005, p = .930",0.932
"H3A Acc+Aware -> accuracy",-0.004,"[-0.020, 0.012]",0.601,286,"b = -.006, p = .475",NA
"H3B Acc+Aware -> intensity",0.042,"[0.002, 0.081]",0.0376,286,"b = .033, p = .100",NA
"H3E Acc+Aware -> distance",0.004,"[-0.047, 0.055]",0.873,286,"b = .012, p = .637",NA
"H3 expansion: aware -> intensity",0.085,"[0.021, 0.148]",0.00958,286,"b = .077, p = .016",NA
"H4A dir x burnout -> accuracy",-0.001,"[-0.003, 0.000]",0.129,286,"b = -.00, p = .111",NA
"H4B dir x burnout -> intensity",0,"[-0.004, 0.003]",0.818,286,"b = -.00, p = .900",NA
"Manipulation: salience (low vs high) -> detection, logit",-0.448,"[-0.572, -0.324]",1.31e-12,286,"salience robust (path model b = .18, p < .001)",NA
