"model","level","term","b","lo","hi","p","random","n_obs"
"H3 emoAccuracy","block means","AccelAwareTRUE",-0.00426251489060134,-0.0202399811959233,0.0117149514147206,0.601092108482775,"(1 | id)",3248
"H3 emoIntensity","block means","AccelAwareTRUE",0.0419479817947076,0.00242671877430246,0.0814692448151128,0.0375819545970692,"(1 | id)",3248
"H3 emoDistance","block means","AccelAwareTRUE",0.00418806006182991,-0.0470773520151663,0.0554534721388262,0.872799596166912,"(1 | id)",3248
"H3 accuracy (logit)","clip","AccelAwareTRUE",-0.053640941468978,-0.126726940438456,0.0194450575004998,0.150291834555224,"intercepts only (slope singular or not converged)",16200
"H3 IntensityRating","clip","AccelAwareTRUE",0.0347032378651425,0.000864158296533225,0.0685423174337517,0.0454612633195816,"with by-participant slope",16200
"H3 emo_distance","clip","AccelAwareTRUE",0.0203461453722229,-0.0255464515951105,0.0662387423395563,0.384895279299696,"intercepts only (slope singular or not converged)",16200
"H3 expansion, intensity","block means","aw_e",0.0505894673301789,0.00461806754029798,0.0965608671200598,0.0310952212745552,"(1 | id)",3248
"H3 expansion, intensity","block means","dir_e",-0.00423047435514958,-0.0467634552973761,0.0383025065870769,0.845449579277353,"(1 | id)",3248
"H3 expansion, intensity","block means","dir_e:aw_e",0.0679060073809002,-0.0215328186612352,0.157344833423036,0.136830640550126,"(1 | id)",3248
"H3 expansion, intensity","clip","aw_e",0.0445233176037709,0.00484812874912979,0.084198506458412,0.0288009492221305,"with by-participant slope",16200
"H3 expansion, intensity","clip","dir_e",-0.00911038154005923,-0.0452317054339305,0.027010942353812,0.621097906902833,"with by-participant slope",16200
"H3 expansion, intensity","clip","dir_e:aw_e",0.0652780962013228,-0.0109197487569769,0.141475941159623,0.0931722445041097,"with by-participant slope",16200
"E2C intensity (thesis model)","block means","Arousal",0.0775631081225655,0.0470000297406125,0.108126186504518,6.95361948401063e-07,"(1 | id)",3248
"E2C intensity","block means","ar_pc",0.0774327907657236,0.0427832040873189,0.112082377444128,1.22795798931287e-05,"(1 | id)",3248
"E2C intensity","block means","ar_pm",0.0802351476803043,0.0117558637090443,0.148714431651564,0.0223778775939409,"(1 | id)",3248
"E2C intensity","clip","ar_pc",0.0331346121021398,-0.0124902328531296,0.0787594570574093,0.155960856447588,"with by-participant slope",16200
"E2C intensity","clip","ar_pm",0.0794966564613276,0.0110812443619478,0.147912068560707,0.0235030965839931,"with by-participant slope",16200
"E2C accuracy (logit)","clip","ar_pc",0.0314959507975177,-0.0400475161927742,0.10303941778781,0.388222644215709,"with by-participant slope",16200
