"check","estimate","lo","hi"
"H2B as preregistered","-0.174181334552912","-0.280992076466397","-0.0631083811660654"
"Replication: 60 independent clips","-0.176423475401921","-0.284701771562215","-0.0637001573443024"
"Accelerate threshold only","-0.122923641845465","-0.23202791110097","-0.0107647812388007"
"Decelerate threshold only","-0.156610972594673","-0.264270303649217","-0.0450966883769703"
"Without ceiling thresholds","-0.162779260742068","-0.271202078223654","-0.0502772645771006"
"Without influential points","-0.21275910055361","-0.325103907413543","-0.100414293693678"
"+ response bias","-0.14516556886595","-0.26786628191592","-0.022464855815979"
"+ bias, confidence, MAIA, demographics, PHQ-4, burnout","-0.138276604403065","-0.261647797345697","-0.0149054114604337"
"Belt follows pacer, + compliance","-0.0949614071659496","-0.233592338256381","0.0436695239244821"
