"test","estimate","ci90_lo","ci90_hi","sesoi","unit","p_tost","equivalent","min_bound"
"Salience (high - low) -> clip intensity",0.00048552918233544,-0.0257455268262592,0.0267165851909301,0.05,"scale points",0.000952901353610896,TRUE,0.0267165851909301
"Direction (accelerate - decelerate) -> clip intensity",0.0064508397662167,-0.0197813739489559,0.0326830534813893,0.05,"scale points",0.0031620737572166,TRUE,0.0326830534813893
"Salience x direction -> clip intensity",-0.0132827569726687,-0.0656831178144801,0.0391176038691427,0.05,"scale points",0.124540648530211,FALSE,0.0656831178144801
"Salience (high - low) -> clip intensity",0.00048552918233544,-0.0257455268262592,0.0267165851909301,0.1,"scale points",2.23551514784262e-10,TRUE,0.0267165851909301
"Direction (accelerate - decelerate) -> clip intensity",0.0064508397662167,-0.0197813739489559,0.0326830534813893,0.1,"scale points",2.27373311037455e-09,TRUE,0.0326830534813893
"Salience x direction -> clip intensity",-0.0132827569726687,-0.0656831178144801,0.0391176038691427,0.1,"scale points",0.00324575402184067,TRUE,0.0656831178144801
"Salience (high - low) -> recognition accuracy",-0.00111185339513803,-0.0127685093420199,0.0105448025517439,0.02,"proportion",0.00384834026263904,TRUE,0.0127685093420199
"Direction (accelerate - decelerate) -> recognition accuracy",-0.0110883821468941,-0.0227441770252941,0.000567412731505791,0.02,"proportion",0.104264520504148,FALSE,0.0227441770252941
"Breathing change made (per within-person SD) -> clip intensity",0.0133371299877533,-0.00369262785491964,0.0303668878304262,0.05,"scale points",0.000199746983460597,TRUE,0.0303668878304262
"Breathing change made (per within-person SD) -> clip intensity",0.0133371299877533,-0.00369262785491964,0.0303668878304262,0.1,"scale points",3.17428724344237e-17,TRUE,0.0303668878304262
"Direction (accelerate - decelerate) -> HR change",-0.246943968777596,-0.514221180790714,0.0203332432355215,1,"bpm",1.83175920794183e-06,TRUE,0.514221180790714
"Salience (high - low) -> HR change",-0.163458361819389,-0.43035929010885,0.103442566470072,1,"bpm",1.31180008872717e-07,TRUE,0.43035929010885
"H1A burnout - baseline recognition accuracy (n = 315)",-0.0103432017907148,-0.103097445494337,0.0825893755338698,0.17,"r",0.00218916659195089,TRUE,0.103097445494337
"H1B burnout - baseline perceived intensity (n = 315)",0.0440515655891789,-0.0490021278425117,0.136347119174623,0.17,"r",0.0121097853378546,TRUE,0.136347119174623
"H2A burnout - BCAT threshold (n = 305)",0.0196972708554641,-0.0748108371967901,0.113854685036496,0.17,"r",0.00413427926656402,TRUE,0.113854685036496
"H2C BCAT threshold - baseline perceived intensity (n = 305)",-0.00489636971481623,-0.0992195724654429,0.0895140403745841,0.17,"r",0.00187680699593123,TRUE,0.0992195724654429
"E1A resting lnRMSSD - baseline recognition accuracy (n = 211)",0.0203637653452862,-0.09341038246631,0.133612928267445,0.17,"r",0.0145517841127645,TRUE,0.133612928267445
"Burnout - resting heart rate (n = 211)",0.0968372992062382,-0.0169067577022452,0.208106956026007,0.17,"r",0.141228968286184,FALSE,0.208106956026007
"Burnout - resting lnRMSSD (n = 211)",-0.0781617666331749,-0.190033189128967,0.0357133607388089,0.17,"r",0.0891121189723631,FALSE,0.190033189128967
