"model","term","slopes","re","singular","b_int","p_int","b","se","df","lo","hi","p"
"R1 felt arousal ~ direction x salience","dir_e","dir_e + sal_e","uncorrelated",TRUE,0.247353921040184,1.68025798191484e-45,0.248030490388719,0.0266493860403593,277.847885254976,0.195570142993295,0.300490837784142,4.10911492524953e-18
"R1 felt arousal ~ direction x salience","sal_e","dir_e + sal_e","uncorrelated",TRUE,-0.00132377772368641,0.939101635387892,-0.000510682959523675,0.0167725827958053,5961.95505619716,-0.0333910163359691,0.0323696504169218,0.975711194150585
"R1 felt arousal ~ direction x salience","dir_e:sal_e","dir_e + sal_e","uncorrelated",TRUE,0.0624533574383711,0.0716459315034863,0.0630823160022846,0.033550969726159,5958.90019899587,-0.00268973580188005,0.128854367806449,0.0601304471729603
"R2A detection ~ salience x direction (logit)","sal_e","sal_e + dir_e","uncorrelated",FALSE,0.582171722518526,5.32892855674076e-26,0.632644722459842,0.0579670570705468,Inf,0.519031378311792,0.746258066607891,9.89559767670486e-28
"R2A detection ~ salience x direction (logit)","dir_e","sal_e + dir_e","uncorrelated",FALSE,0.136586946803453,0.0132415134850854,0.139031006896614,0.0945742410961928,Inf,-0.0463310995171315,0.32439311331036,0.141542074017484
"R2A detection ~ salience x direction (logit)","sal_e:dir_e","sal_e + dir_e","uncorrelated",FALSE,0.0054781935229272,0.960379347300174,-0.00407062274784137,0.113831083834889,Inf,-0.227175447385383,0.2190342018897,0.971473565585351
"R2B felt arousal ~ direction x detection","dir_e:acc_pc","dir_e + acc_pc","correlated",FALSE,0.207828903394183,6.38318845721288e-07,0.206033938992047,0.0405105054814038,5832.18634375352,0.126618326038358,0.285449551945736,3.77246065294178e-07
"R2B felt arousal ~ direction x detection","acc_pc","dir_e + acc_pc","correlated",FALSE,0.0565613196100788,0.00433126137448436,0.0583028921954183,0.0227383965068258,284.940272947384,0.0135463523883989,0.103059432002438,0.0108581092299814
"H3A block accuracy ~ accelerate-and-aware","accel_aware","accel_aware","correlated",FALSE,-0.00426251491335517,0.601092106213545,-0.00430688315605132,0.00829830760766962,251.404937564086,-0.0206499424129959,0.0120361761008933,0.604212136871286
"H3B block intensity ~ accelerate-and-aware","accel_aware","accel_aware","uncorrelated",TRUE,0.0419479818309764,0.0375819548907866,0.0419479817842823,0.0201642802137137,2989.61608917786,0.0024107119919347,0.0814852515766299,0.0375819545123761
"H3B clip intensity ~ accelerate-and-aware","accel_aware","accel_aware","correlated",FALSE,0.0343963289655161,0.0442547168271452,0.0347032378651425,0.0172651537658486,260.283061316649,0.00070607846271694,0.068700397267568,0.0454612633195816
"Awareness x direction, clip intensity (effect coded)","aware_e","aware_e + dir_e","uncorrelated",FALSE,0.0447181030008053,0.0249430570536094,0.0446017047880164,0.0200810529308292,245.977552942921,0.00504895717708997,0.0841544523989428,0.0272564232186649
"Awareness x direction, clip intensity (effect coded)","dir_e","aware_e + dir_e","uncorrelated",FALSE,-0.00849288610474844,0.643846217426214,-0.0083603732560323,0.0184072110366296,422.672907731304,-0.0445414467027061,0.0278207001906415,0.64992513862342
"Awareness x direction, clip intensity (effect coded)","aware_e:dir_e","aware_e + dir_e","uncorrelated",FALSE,0.0638385393575069,0.0992066926411217,0.0636747448878704,0.0387528340045765,4379.94922083905,-0.0123004091004443,0.139649898876185,0.100434218697641
"E2C block intensity ~ felt arousal","ar_pc","ar_pc","correlated",FALSE,0.0774327907687708,1.2279579423137e-05,0.0633158254344636,0.0232422255119845,185.497099889754,0.0174627462612443,0.109168904607683,0.00706256180907558
"E2C block intensity ~ felt arousal","ar_pm","ar_pc","correlated",FALSE,0.0802351477261304,0.022377880168751,0.0800334138725778,0.0349176239326422,284.588018801758,0.0113038411587314,0.148762986586424,0.0226320342030515
"E2C clip intensity ~ felt arousal","ar_pc","ar_pc","correlated",FALSE,0.0540034063102614,0.000746308536908387,0.0331346121021398,0.0232784098662794,232.214807704332,-0.0127292647679245,0.0789984889722041,0.155960856447588
"E2C clip intensity ~ felt arousal","ar_pm","ar_pc","correlated",FALSE,0.0804423793003883,0.0220565208507557,0.0794966564613276,0.0349064639141493,284.585643243355,0.0107890479504483,0.148204264972207,0.0235030965839931
"E2C block accuracy ~ felt arousal","ar_pc","ar_pc","correlated",FALSE,0.0131354396951509,0.0688290476723653,0.0137111199477085,0.00755035974461072,104.055142948951,-0.00126143337971347,0.0286836732751306,0.0722566709983817
"Clip intensity ~ salience x direction","sal_e","sal_e + dir_e","correlated",FALSE,0.000485529126078354,0.975710517827892,0.000197027740635041,0.0171581528048432,281.592074529962,-0.0335774953014538,0.0339715507827239,0.99084619282938
"Clip intensity ~ salience x direction","dir_e","sal_e + dir_e","correlated",FALSE,0.00645083976525189,0.685839977590129,0.00660220148049017,0.0161420787789296,278.75340483061,-0.025173653524167,0.0383780564851473,0.682849574980845
"Clip intensity ~ salience x direction","sal_e:dir_e","sal_e + dir_e","correlated",FALSE,-0.0132827568589284,0.676704754874128,-0.0134212909382422,0.0318064335219026,15380.7294009405,-0.0757656612131427,0.0489230793366582,0.673054414738685
"Clip accuracy ~ salience x direction (linear probability)","sal_e","sal_e + dir_e","uncorrelated",TRUE,-0.00111185338785614,0.87532473950768,-0.00111185333781008,0.00708632976646442,15866.6453773127,-0.0150018640411907,0.0127781573655706,0.875324744495472
"Clip accuracy ~ salience x direction (linear probability)","dir_e","sal_e + dir_e","uncorrelated",TRUE,-0.011088381962697,0.117632801642527,-0.0110883816372561,0.00708580666192636,15874.0508074903,-0.0249773665020588,0.00280060322754666,0.117632819098348
"Breathing change ~ direction x salience","dir_e","dir_e + sal_e","correlated",FALSE,0.433908685467064,0,0.44512437602449,0.011928805865135,213.095337953741,0.421610804813835,0.468637947235144,2.09540631007767e-95
"Breathing change ~ direction x salience","sal_e","dir_e + sal_e","correlated",FALSE,-0.00185779861723713,0.702389416431051,-0.000472811473003481,0.00491286272418738,202.647545128285,-0.0101596965395014,0.00921407359349445,0.923425463785497
"Breathing change ~ direction x salience","dir_e:sal_e","dir_e + sal_e","correlated",FALSE,0.198660073219154,6.71542626578477e-89,0.210304798108069,0.00841538409284695,4073.9663377292,0.193806046659128,0.22680354955701,2.29867630495156e-128
"Ramp vs step: observed ~ prescribed x salience","lr_exp","lr_exp","correlated",FALSE,0.869002157147846,0,0.873294495292876,0.0114771998883613,224.732549966235,0.850677799826019,0.895911190759734,2.13030961058887e-162
"Ramp vs step: observed ~ prescribed x salience","lr_exp:sal_e","lr_exp","correlated",FALSE,-0.0141808219648575,0.383023392945765,-0.0197273099402892,0.0162808388308137,6832.58953291773,-0.0516428213692989,0.0121882014887204,0.225673432865127
"Detection ~ breathing change made (combined, logit)","aligned_pc","aligned_pc","correlated",FALSE,1.81432584545108,2.80994084874658e-17,2.02466688449266,0.225182357318754,Inf,1.58331757419407,2.46601619479125,2.44473721738519e-19
"Detection ~ breathing change made (baseline, logit)","aligned_pc","aligned_pc","uncorrelated",TRUE,2.58647215842218,8.80773321417031e-13,2.85986548273807,0.400464775442652,Inf,2.07496894579355,3.64476201968259,9.24080153947294e-13
"Felt arousal ~ prescribed and own speeding","spd_exp","spd_exp + spd_obs_pc","correlated",FALSE,0.462554945951655,4.66210574119075e-14,0.47519745471416,0.0778715623115803,192.367807888754,0.321605721007791,0.628789188420529,5.64411895354074e-09
"Felt arousal ~ prescribed and own speeding","spd_obs_pc","spd_exp + spd_obs_pc","correlated",FALSE,0.0408974154275534,0.474476358601797,0.0256421334341009,0.0632101345739647,184.212042109021,-0.0990667534677604,0.150351020335962,0.685459610884273
"Intensity ~ awareness","aware_pc","aware_pc","correlated",FALSE,0.0554463704039014,0.0667899430915294,0.0485907189146964,0.0345588366861328,199.287565299337,-0.0195572036328068,0.1167386414622,0.161272824407087
"Intensity ~ breathing change made","body_pc","body_pc","correlated",FALSE,0.115394191832886,0.111851252109566,0.104852800875064,0.0840457246149446,190.754899082102,-0.0609255544396532,0.270631156189781,0.213718499023777
"Intensity ~ awareness + breathing change","aware_pc","aware_pc + body_pc","correlated",FALSE,0.0485629266199067,0.113941918360968,0.0432626794012934,0.0350624982223157,189.45588044195,-0.0259003596588439,0.112425718461431,0.218778588441917
"Intensity ~ awareness + breathing change","body_pc","aware_pc + body_pc","correlated",FALSE,0.0949599252395368,0.197668581792778,0.0844571201223409,0.0851968652769175,177.78039436664,-0.0836701670649071,0.252584407309589,0.32287801309698
"Intensity ~ awareness + breathing change + felt arousal","aware_pc","aware_pc + body_pc + arousal_pc","correlated",FALSE,0.044111122439139,0.151112885416973,0.0383395597380201,0.0333331517279912,180.619159004126,-0.0274329167209517,0.104112036196992,0.251584939413107
"Intensity ~ awareness + breathing change + felt arousal","body_pc","aware_pc + body_pc + arousal_pc","correlated",FALSE,0.0916827135259385,0.213357073914767,0.128194648206991,0.0818222349273367,159.329685455952,-0.0334013917570038,0.289790688170986,0.119158037874042
"Intensity ~ awareness + breathing change + felt arousal","arousal_pc","aware_pc + body_pc + arousal_pc","correlated",FALSE,0.0722774354527319,0.000143013016529001,0.048666870502002,0.0267425790657671,186.6909461488,-0.00408961395180076,0.101423354955805,0.0703870087832448
"Intensity ~ awareness + breathing change + felt arousal","arousal_pm","aware_pc + body_pc + arousal_pc","correlated",FALSE,0.115531017836611,0.00295716716124149,0.114228169279133,0.0383689809046901,220.197245339284,0.0386107417794029,0.189845596778863,0.00323538279976867
"Chain: awareness ~ breathing change","body_pc","body_pc","correlated",FALSE,0.431426151269188,2.11501786146331e-17,0.445434627535514,0.0554081533104285,191.682281262564,0.336146631437073,0.554722623633954,9.10370710869232e-14
"Chain: felt arousal ~ awareness + breathing change","aware_pc","aware_pc + body_pc","correlated",FALSE,0.099294265275305,0.00681477798296064,0.0991913518035358,0.0392018173465898,220.983437811984,0.0219340925733192,0.176448611033752,0.012093779819756
"Chain: felt arousal ~ awareness + breathing change","body_pc","aware_pc + body_pc","correlated",FALSE,0.0661374293122233,0.453478789160174,0.0652816730951714,0.0961896833684278,208.853106779043,-0.124345469818039,0.254908816008382,0.49809421605773
"Trial HR change ~ direction x salience","dir_e","dir_e + sal_e","uncorrelated",FALSE,-0.246943968760805,0.128572884041026,-0.25088065514595,0.165846301962722,207.394012731511,-0.577841393363179,0.0760800830712782,0.131870623217202
"Trial HR change ~ direction x salience","sal_e","dir_e + sal_e","uncorrelated",FALSE,-0.163458361822026,0.313717079856799,-0.165877578979859,0.165074527025056,217.496683960668,-0.491228091563153,0.159472933603434,0.316078598520397
"Felt arousal ~ trial HR change","d_hr_pc","spd_exp + d_hr_pc","correlated",FALSE,0.00236185635962247,0.102660535236034,0.00216791305606682,0.0017048955450927,152.415000374989,-0.00120036512694568,0.00553619123907932,0.20545892247212
"Clip intensity ~ clip HR","hr_clip_pc","hr_clip_pc","correlated",FALSE,-0.002269265528657,0.136200436008688,-0.00235236114442429,0.00154184983070008,149.644165565382,-0.00539896935702964,0.000694247068181055,0.129201658889331
