"item","mean","sd","n_missing","scales"
"BFI10_1",3.632,1.099,0,"Extraversion"
"BFI10_6",3.476,1.138,0,"Extraversion"
"BFI10_2",3.714,1.2,0,"Agreeableness"
"BFI10_7",2.822,1.123,0,"Agreeableness"
"BFI10_4",2.873,1.209,0,"Neuroticism"
"BFI10_9",3.889,1.161,0,"Neuroticism"
"BFI10_5",3.235,1.446,0,"Openness"
"BFI10_10",4.2,0.972,0,"Openness"
"BFI10_3",3.597,1.097,0,"Conscientiousness"
"BFI10_8",3.943,0.861,0,"Conscientiousness"
"SPANE_1",3.679,0.795,0,"PosAffect"
"SPANE_3",3.724,0.772,0,"PosAffect"
"SPANE_5",3.627,0.79,1,"PosAffect"
"SPANE_7",3.719,0.834,2,"PosAffect"
"SPANE_10",3.497,0.869,1,"PosAffect"
"SPANE_12",3.327,0.912,0,"PosAffect"
"SPANE_2",3.284,0.876,2,"NegAffect"
"SPANE_4",3.061,0.995,1,"NegAffect"
"SPANE_6",3.022,0.971,1,"NegAffect"
"SPANE_8",3.074,1.052,4,"NegAffect"
"SPANE_9",2.73,1.216,0,"NegAffect"
"SPANE_11",2.752,1.115,0,"NegAffect"
"PHQ4_3",2.927,1.407,0,"Depression; PHQ4total"
"PHQ4_4",3.019,1.403,0,"Depression; PHQ4total"
"PHQ4_1",3.733,1.079,0,"Anxiety; PHQ4total"
"PHQ4_2",3.41,1.348,0,"Anxiety; PHQ4total"
"BIPS_1",4.241,0.735,0,"PushedStress; BIPStotal"
"BIPS_2",4.2,0.799,0,"PushedStress; BIPStotal"
"BIPS_3",4.324,0.827,0,"PushedStress; BIPStotal"
"BIPS_5",2.93,0.928,0,"ConflictAndImposition; BIPStotal"
"BIPS_6",3.797,0.883,0,"ConflictAndImposition; BIPStotal"
"BIPS_7",3.314,1.037,0,"ConflictAndImposition; BIPStotal"
"BIPS_8",3.343,1.096,0,"LackOfControl; BIPStotal"
"BIPS_9",3.006,0.845,0,"LackOfControl; BIPStotal"
"BIPS_10",3.898,0.956,0,"LackOfControl; BIPStotal"
"SWLS",2.073,0.712,0,"SWLS"
"BriefMAIA_1",3.568,1.153,0,"Noticing; MAIAtotal"
"BriefMAIA_2",3.403,1.1,0,"Noticing; MAIAtotal"
"BriefMAIA_3",2.987,1.173,0,"Noticing; MAIAtotal"
"BriefMAIA_4",3.146,1.172,0,"Notdistracting; MAIAtotal"
"BriefMAIA_5",3.422,1.124,0,"Notdistracting; MAIAtotal"
"BriefMAIA_6",3.26,1.209,0,"Notdistracting; MAIAtotal"
"BriefMAIA_7",2.902,1.231,0,"NotWorrying; MAIAtotal"
"BriefMAIA_8",2.965,1.211,0,"NotWorrying; MAIAtotal"
"BriefMAIA_9",2.876,1.187,0,"NotWorrying; MAIAtotal"
"BriefMAIA_10",3.035,1.06,0,"AttentionRegulation; MAIAtotal"
"BriefMAIA_11",3.07,0.988,0,"AttentionRegulation; MAIAtotal"
"BriefMAIA_12",2.99,1.005,0,"AttentionRegulation; MAIAtotal"
"BriefMAIA_13",3.695,1.158,0,"EmotionalAwareness; MAIAtotal"
"BriefMAIA_14",3.756,1.157,0,"EmotionalAwareness; MAIAtotal"
"BriefMAIA_15",3.797,1.15,0,"EmotionalAwareness; MAIAtotal"
"BriefMAIA_16",3.181,1.146,0,"SelfRegulation; MAIAtotal"
"BriefMAIA_17",3.089,1.188,0,"SelfRegulation; MAIAtotal"
"BriefMAIA_18",2.86,1.178,0,"SelfRegulation; MAIAtotal"
"BriefMAIA_19",2.829,1.163,0,"BodyListening; MAIAtotal"
"BriefMAIA_20",2.251,1.18,0,"BodyListening; MAIAtotal"
"BriefMAIA_21",2.606,1.155,0,"BodyListening; MAIAtotal"
"BriefMAIA_22",3.406,1.252,0,"Trusting; MAIAtotal"
"BriefMAIA_23",3.444,1.226,0,"Trusting; MAIAtotal"
"BriefMAIA_24",3.597,1.106,0,"Trusting; MAIAtotal"
"BAT_1",3.673,0.912,0,"Exhaustion; BATtotal"
"BAT_2",3.823,0.9,4,"Exhaustion; BATtotal"
"BAT_3",3.537,1.065,0,"Exhaustion; BATtotal"
"BAT_4",3.478,1.091,3,"Exhaustion; BATtotal"
"BAT_5",3.592,1.152,4,"Exhaustion; BATtotal"
"BAT_6",3.34,1.28,0,"Exhaustion; BATtotal"
"BAT_7",3.403,0.977,0,"Exhaustion; BATtotal"
"BAT_8",3.835,0.983,0,"Exhaustion; BATtotal"
"BAT_9",3.143,1.151,1,"MentalDistance; BATtotal"
"BAT_10",2.952,1.192,0,"MentalDistance; BATtotal"
"BAT_11",2.638,1.177,0,"MentalDistance; BATtotal"
"BAT_12",2.458,1.035,3,"MentalDistance; BATtotal"
"BAT_13",2.683,1.066,3,"MentalDistance; BATtotal"
"BAT_14",3.424,1.037,1,"ExhaustionImpairment; BATtotal"
"BAT_15",3.013,1.072,1,"ExhaustionImpairment; BATtotal"
"BAT_16",3.08,1.142,2,"ExhaustionImpairment; BATtotal"
"BAT_17",3.436,1.109,1,"ExhaustionImpairment; BATtotal"
"BAT_18",2.917,1.125,1,"ExhaustionImpairment; BATtotal"
"BAT_19",1.981,0.979,1,"CognitiveImpairement; BATtotal"
"BAT_20",1.92,1.022,1,"CognitiveImpairement; BATtotal"
"BAT_21",2.576,1.187,1,"CognitiveImpairement; BATtotal"
"BAT_22",2.392,1.187,1,"CognitiveImpairement; BATtotal"
"BAT_23",2.01,1.107,0,"CognitiveImpairement; BATtotal"
"BARQR_1",2.841,0.822,0,"BARQtotal"
"BARQR_2",3.27,0.7,0,"BARQtotal"
"BARQR_3",2.425,0.8,0,"BARQtotal"
"BARQR_4",2.2,0.875,0,"BARQtotal"
"BARQR_5",2.562,0.913,0,"BARQtotal"
"BARQR_6",2.587,0.955,0,"BARQtotal"
"BARQR_7",3.057,0.858,0,"BARQtotal"
"BARQR_8",2.806,1.015,0,"BARQtotal"
"BARQR_9",1.81,0.907,0,"BARQtotal"
"BARQR_10",2.295,0.923,0,"BARQtotal"
"BARQR_11",2.276,0.843,0,"BARQtotal"
"BARQR_12",2.368,0.992,0,"BARQtotal"
