"scale","n_items","n_valid","alpha","omega_total","mean_inter_r"
"Extraversion",2,315,0.586,NA,0.414
"Agreeableness",2,315,0.287,NA,0.168
"Neuroticism",2,315,0.631,NA,0.462
"Openness",2,315,0.008,NA,0.004
"Conscientiousness",2,315,0.502,NA,0.345
"PosAffect",6,312,0.866,0.872,0.523
"NegAffect",6,308,0.774,0.798,0.382
"Depression",2,315,0.687,NA,0.524
"Anxiety",2,315,0.81,NA,0.697
"PHQ4total",4,315,0.812,0.823,0.53
"PushedStress",3,315,0.797,0.799,0.569
"ConflictAndImposition",3,315,0.508,0.531,0.254
"LackOfControl",3,315,0.65,0.679,0.377
"BIPStotal",9,315,0.788,0.799,0.296
"SWLS",1,315,NA,NA,NA
"Noticing",3,315,0.63,0.64,0.364
"Notdistracting",3,315,0.855,0.857,0.665
"NotWorrying",3,315,0.774,0.776,0.534
"AttentionRegulation",3,315,0.783,0.791,0.549
"EmotionalAwareness",3,315,0.82,0.82,0.602
"SelfRegulation",3,315,0.794,0.81,0.56
"BodyListening",3,315,0.823,0.824,0.608
"Trusting",3,315,0.854,0.859,0.66
"MAIAtotal",24,315,0.808,0.846,0.153
"Exhaustion",8,306,0.869,0.873,0.459
"MentalDistance",5,310,0.708,0.714,0.326
"ExhaustionImpairment",5,313,0.871,0.874,0.576
"CognitiveImpairement",5,311,0.851,0.854,0.538
"BATtotal",23,296,0.914,0.915,0.316
"BARQtotal",12,315,0.772,0.78,0.219
