"scale","mean","sd","min","max","n_valid","n_missing"
"Extraversion",5.844,1.881,2,10,315,0
"Agreeableness",6.892,1.776,2,10,315,0
"Neuroticism",7.016,2.026,2,10,315,0
"Openness",6.965,1.745,2,10,315,0
"Conscientiousness",6.346,1.611,2,10,315,0
"PosAffect",21.578,3.845,7,30,315,0
"NegAffect",17.921,4.275,6,30,315,0
"Depression",5.946,2.452,2,10,315,0
"Anxiety",7.143,2.238,2,10,315,0
"PHQ4total",13.089,4.21,4,20,315,0
"PushedStress",12.765,1.994,6,15,315,0
"ConflictAndImposition",10.041,2.027,4,15,315,0
"LackOfControl",10.235,2.234,4,15,315,0
"BIPStotal",33.041,4.974,16,43,315,0
"SWLS",3.927,0.712,2,5,315,0
"Noticing",9.959,2.597,3,15,315,0
"Notdistracting",8.171,3.087,3,15,315,0
"NotWorrying",9.257,3.012,3,15,315,0
"AttentionRegulation",9.095,2.55,3,15,315,0
"EmotionalAwareness",11.248,2.969,3,15,315,0
"SelfRegulation",9.13,2.956,3,15,315,0
"BodyListening",7.686,3.007,3,15,315,0
"Trusting",10.448,3.157,3,15,315,0
"MAIAtotal",74.994,11.916,42,111,315,0
"Exhaustion",28.692,6.048,12,40,315,0
"MentalDistance",13.873,3.81,5,25,315,0
"ExhaustionImpairment",15.867,4.449,5,25,315,0
"CognitiveImpairement",10.876,4.341,5,25,315,0
"BATtotal",69.308,14.646,31,110,315,0
"BARQtotal",30.498,5.69,14,46,315,0
